08:53:10,25,64
08:53:11,25,64
08:53:12,25,64
08:53:13,25,64
08:53:14,25,64
08:53:15,25,64
08:53:16,25,64
08:53:17,25,64
08:53:18,25,64
08:53:19,25,64
08:53:21,25,64
08:53:22,25,64
08:53:23,25,64
08:53:24,25,64
08:53:25,25,64
08:53:26,25,64
08:53:27,25,64
08:53:28,25,64
08:53:29,25,64
08:53:30,25,64
08:53:32,25,64
08:53:33,25,64
08:53:34,25,64
08:53:35,25,64
08:53:36,25,64
08:53:37,25,64
08:53:38,25,64
08:53:39,25,64
08:53:40,25,64
08:53:42,25,64
08:53:43,25,64
08:53:44,25,64
08:53:45,25,64
08:53:46,25,64
08:53:47,25,64
08:53:48,25,64
08:53:49,25,64
08:53:50,25,64
08:53:51,25,64
08:53:53,25,64
08:53:54,25,64
08:53:55,25,64
08:53:56,25,64
08:53:57,25,64
08:53:58,25,64
08:53:59,25,64
08:54:00,25,64
08:54:01,25,64
08:54:02,25,64
08:54:04,25,64
08:54:05,25,64
08:54:06,25,64
08:54:07,25,64
08:54:08,25,64
08:54:09,25,64
08:54:10,25,64
08:54:11,25,64
08:54:12,25,64
08:54:13,25,64
08:54:15,25,64
08:54:16,25,64
08:54:17,25,64
08:54:18,25,64
08:54:19,25,64
08:54:20,25,64
08:54:21,25,64
08:54:22,25,64
08:54:23,25,64
08:54:24,25,64
08:54:26,25,64
08:54:27,25,64
08:54:28,25,64
08:54:29,25,64
08:54:30,25,64
08:54:31,25,64
08:54:32,25,64
08:54:33,25,64
08:54:34,25,64
08:54:35,25,64
08:54:37,25,64
08:54:38,25,64
08:54:39,25,64
08:54:40,25,64
08:54:41,25,64
08:54:42,25,64
08:54:43,25,64
08:54:44,25,64
08:54:45,25,64
08:54:46,25,64
08:54:48,25,64
08:54:49,25,64
08:54:50,25,64
08:54:51,25,64
08:54:52,25,64
08:54:53,25,64
08:54:54,25,64
08:54:55,25,64
08:54:56,25,64
08:54:57,25,64
08:54:59,25,64
08:55:00,25,64
08:55:01,25,64
08:55:02,25,64
08:55:03,25,64
08:55:04,25,64
08:55:05,25,64
08:55:06,25,64
08:55:07,25,64
08:55:09,25,64
08:55:10,25,64
08:55:11,25,64
08:55:12,25,64
08:55:13,25,64
08:55:14,25,64
08:55:15,25,64
08:55:16,25,64
08:55:17,25,64
08:55:18,25,64
08:55:20,25,64
08:55:21,25,64
08:55:22,25,64
08:55:23,25,64
08:55:24,25,64
08:55:25,25,64
08:55:26,25,64
08:55:27,25,64
08:55:28,25,64
08:55:29,25,64
08:55:31,25,64
08:55:32,25,64
08:55:33,25,64
08:55:34,25,64
08:55:35,25,64
08:55:36,25,64
08:55:37,25,64
08:55:38,25,64
08:55:39,25,64
08:55:40,25,64
